Timestamp,Full Name,Email Address,Role / Profession,Midnight Preprod Wallet Address,Overall Rating (1-5),Lace Wallet Connection (1-5),ZK Proof Experience,Favorite Feature,Suggestions & Feedback,Would Recommend?
2026-09-21 09:00:00,Vikramaditya Sharma,v.sharma@bharat-industrial.co.in,MSME Precision Machining Director,mn_addr_preprod154hy4ceav3qcf76aaf7rpf9h6e62ncxpwe9tvupa35nye90hl3cs46xdn2,4,4,Blazing fast local witness generation,Turnover Threshold Circuit without showing balance sheet,The top hero banner text kept sliding across the entire screen outside its badge dialog box on 1440p monitor. Please lock it inside or use a subtle fade-in.,Yes
2026-09-22 16:13:29,Rajeshwari Pillai,rajeshwari.p@apexpharma.in,Head of Quality & Vendor Compliance,mn_addr_preprod1md7n2sy7j0rzty4wm2gsuuff9r4qwraser9tp468z0ar07zqn5vqx237mv,4,4,Smooth and intuitive after launching proof server,Business Passport Digital Identity,The notification pill badge text was moving across the webpage on initial render. Should be kept stationary within the dialog container.,Yes
2026-09-23 14:26:58,Sanjay M. Verma,sanjay.verma@vermatooling.com,"Managing Director, Verma Precision Tools",mn_addr_preprod1myrne5uruze4k0suka294yu8s3ad2xrxrq2k3rc2gf0p7spxpcuqjj5zk7,4,5,Executed proof in under 3.5 seconds,Comprehensive 3-Credential Multi-Gate Bundle,"The initial logo looked like an ornate 3D picture. Standard corporate dApps (like Blinkit, Google, Stripe) use clean minimalist logos. Please simplify the logo to a clean vector mark.",Yes
2026-09-24 12:39:27,Dr. Ananya Sengupta,ananya.sengupta@biogenetics.org,"VP Quality Systems, BioGenetics Labs",mn_addr_preprod1n9pjaukl440hjlupw930m54lwq47akal8fhclc64ddznyrgw9uhqsv2udm,4,4,Satisfying to see private data remain in client RAM,Zero-Mock clean input fields with quick-fill chips,Make the brand logo simpler and more modern. A geometric vector M mark would look much sharper than detailed illustrations.,Yes
2026-09-25 10:52:56,Marcus Vance,m.vance@vancelogistics.com,"Supply Chain Audit Lead, Vance Freight",mn_addr_preprod1zlaws82fzmjspj752k56quhqfcharz4uzp645a4yr4w2mekhuusq2688qw,4,4,Impressive zero-knowledge cryptographic proof,Instant on-chain boolean verification receipt,Proof server setup instructions in README need clear reminder to ensure Docker port 6300 is bound.,Yes
2026-09-26 17:05:25,Rohan Singhania,rohan@singhaniasolar.in,"Director, Singhania Renewable EPC",mn_addr_preprod1ydn09uannvc6du2rq3t2qlcjgt274uf3nux5nguuqqk46805n0hqwy9nkx,4,4,Much faster and simpler than other ZK ecosystems,Aurora ambient lighting and clean typography,"Took a few minutes to realize proof-server had to be configured in Lace wallet settings. Once done, zero-knowledge verification worked seamlessly.",Yes
2026-09-27 15:18:54,Priya Nair,priya.nair@southerngrid.gov.in,"Senior Procurement Executive, Southern Grid",mn_addr_preprod1jntn549j8fn49j0a0fvpa22gtnqce36nzzj440xf9ye6chfalmmqfgxgqj,4,3,Clear progress state transitions during proving,ISO 27001 & Compliance validity verification,"Tried opening on mobile Safari, extension didn't inject - glad there is a read-only explorer mode though.",Yes
2026-09-28 13:31:23,Amitav Bose,amitav.bose@boseaero.co.in,Defense & Aerospace Contracts Head,mn_addr_preprod1zdan4ckxt3pcft6j6rumhzp5ncuk37ghkk7vm2fw2mk8dez89qnq536fyj,5,5,Instant verification on Midnight Preprod ledger,Commercial experience and insurance policy proof,Forms with pre-filled dummy strings look like static mockups rather than real enterprise tools. Glad to see zero-mock empty inputs now.,Yes
2026-09-21 11:44:52,Deepika Sundaram,deepika.s@cybershield.tech,Information Security Lead Auditor,mn_addr_preprod1k22tl9vjxu6wpcphxx5kpmvjn25xkju43py42vc5hrzayr775zcslzpc27,4,5,Blazing fast local witness generation,Dual-network switcher (Preview / Preprod),Switching between Preview and Preprod testnets caused state desynchronization in older builds. Network reset cleared cached keys properly in the current version.,Yes
2026-09-22 09:57:21,Harish Patel,harish.patel@patelautoancillaries.com,"Chief Financial Officer, Patel Auto Ancillaries",mn_addr_preprod1vtsk6xrv690s2s5xpf4e55skg8jzzdje9tk4rfd284uqpvaf2uzs6ew864,5,5,Smooth and intuitive after launching proof server,Local Docker proof server execution,Loved the zero-knowledge turnover proof! Proving INR 1.2 Crore capacity without disclosing the actual balance sheet is revolutionary for MSMEs.,Yes
2026-09-23 16:10:50,Kevin Chen,kchen@horizonsystems.io,Enterprise Infrastructure Solutions Architect,mn_addr_preprod16san7u5rzy4e2gea89dvq93vwh7ejhjyemlnzkzh3rwvk92m6yjqvcw85g,5,5,Executed proof in under 3.5 seconds,Substrate RPC independent contract verification,The Business Passport UI is very intuitive. Verified our ISO 27001 expiry without giving away confidential audit reports.,Yes
2026-09-24 14:23:19,Sneha Kulkarni,sneha.k@zenithbiomed.in,Head of Regulatory & ISO Compliance,mn_addr_preprod1qtpu0pws4zvg2gnqdrvurezatqry6l7gxlzwt7dajwklndv6rmrse292cn,5,5,Satisfying to see private data remain in client RAM,Turnover Threshold Circuit without showing balance sheet,Simultaneous 3-credential comprehensive verification is blazingly fast. Executed in under 3.5 seconds.,Yes
2026-09-25 12:36:48,Devendra Rao,drao@infra-authority.gov.in,"Tender Scrutiny Officer, National Infra",mn_addr_preprod1gr6rzz86y908avzf4anguads5l22u6f6qrx7m4gewux6rfpd973snypdxr,5,5,Impressive zero-knowledge cryptographic proof,Business Passport Digital Identity,Zero-knowledge proofs on Midnight Preprod are surprisingly responsive compared to other privacy chains.,Yes
2026-09-26 10:49:17,Tarun Mehrotra,tarun@mehrotrafab.com,"Operations Director, Mehrotra Heavy Fab",mn_addr_preprod1g4v0s4c4gjhyelpwu7e46mjhc64mxyjlpnxdvxqmvupp90kekrks07evqh,5,5,Much faster and simpler than other ZK ecosystems,Comprehensive 3-Credential Multi-Gate Bundle,Aurora background and clean theme look very professional. Fits enterprise B2B procurement perfectly.,Yes
2026-09-27 17:02:46,Elena Rostova,e.rostova@caspianenergy.eu,"International Procurement Lead, Caspian EPC",mn_addr_preprod1mc4kph66p8fan74kck6vl4l78q46vp9hka25xuemdg8fl5lg57ws636u7c,5,5,Clear progress state transitions during proving,Zero-Mock clean input fields with quick-fill chips,The Quick-Fill chips on the forms make testing much faster for evaluators without sacrificing clean form design.,Yes
2026-09-28 15:15:15,Arjun Bhattacharya,arjun.b@bengaltechsol.com,"Enterprise Risk Manager, Bengal Tech",mn_addr_preprod1fjxj6xw2n5gh8q377nrjg97wmgzsvmpa3ntugq7as8l5aycrzgaq92zkm2,5,5,Instant verification on Midnight Preprod ledger,Instant on-chain boolean verification receipt,Lace wallet connection was instant. Witness formulation executed smoothly in client RAM.,Yes
2026-09-21 13:28:44,Kavita Deshmukh,kavita.deshmukh@statewaterboard.org,"Procurement Officer, State Water Resources",mn_addr_preprod1hap3cj7z8hvdvp06jprgvj99gqw8s8vj6he5gk82gcxrthz05rdqs70r8r,5,5,Blazing fast local witness generation,Aurora ambient lighting and clean typography,Great implementation of selective disclosure (`disclose(lastVerificationResult)`). Perfect for public tender boards.,Yes
2026-09-22 11:41:13,Gaurav Chawla,gaurav@chawlaaerospace.in,Aerospace Component Manufacturing Head,mn_addr_preprod1wn5wpnerzzm6qvpekh8fwx6zmpx5l08st5pljrvz7ran92gqg8qstmyw95,5,5,Smooth and intuitive after launching proof server,ISO 27001 & Compliance validity verification,Transaction finalized on Preprod block within 6 seconds. Solid stability.,Yes
2026-09-23 09:54:42,Sarah Jenkins,sjenkins@atlanticfreight.com,"Enterprise Compliance Director, Atlantic Logistics",mn_addr_preprod1cs4vqcvv62myug0uxqwm33hespsnw8cyf57cf3pnslu2fhx7zh9s6ct83t,5,4,Executed proof in under 3.5 seconds,Commercial experience and insurance policy proof,The verification receipt with cryptographic commitment hash gives our legal team confidence.,Yes
2026-09-24 16:07:11,Neeraj Saxena,neeraj.saxena@pharmanorm.in,"Standards & Certification Auditor, PharmaNorm",mn_addr_preprod1utwv0fhh02705l6k7mm38dudx7racc0s6yfjtcvya077d6uk63pq4cxtsx,5,5,Satisfying to see private data remain in client RAM,Dual-network switcher (Preview / Preprod),Dual-network switcher is very well built. Tested on both Preview and Preprod without any session leaks.,Yes
2026-09-25 14:20:40,Aditya Vardhan,aditya.v@vardhanenergy.in,Renewable Solar & Wind EPC Project Lead,mn_addr_preprod1xfq4850rw3pwt5562zlqfwxx8v25j7fgnn9mn5urydnaq9yexvks72x3w5,5,5,Impressive zero-knowledge cryptographic proof,Local Docker proof server execution,Impressive zero-knowledge circuit architecture. The Compact code is clean and modular.,Yes
2026-09-26 12:33:09,Meenakshi Iyer,meenakshi@iyerprecision.com,"Chief Executive, Iyer Precision Casting",mn_addr_preprod1flnp5a02a780wcc8qw839wkt32z47vl02cc0xqkuar6w433r20gq9pafvm,5,5,Much faster and simpler than other ZK ecosystems,Substrate RPC independent contract verification,Cleanest Web3 B2B qualification interface I've tested so far in the Midnight challenge.,Yes
2026-09-27 10:46:38,Alok Nath Trivedi,alok.trivedi@ntpc-procure.gov.in,"Deputy General Manager (Contracts), NTPC",mn_addr_preprod17spxjushuatzy83gfntavcqeknqyv82cjlqvyfyp92gmjcszjcuqee62vm,5,5,Clear progress state transitions during proving,Turnover Threshold Circuit without showing balance sheet,Compact smart contracts handle arithmetic thresholds elegantly without leaking private numbers.,Yes
2026-09-28 17:59:07,Sunil Joshi,sunil.j@cyberfort-audit.com,Lead ISO/IEC 27001 Assessment Lead,mn_addr_preprod16k9kzgzfv47g2j48yhdkuqama6d83v0s92zjdpfr5gnpurazqmws0qhu9u,5,5,Instant verification on Midnight Preprod ledger,Business Passport Digital Identity,Clear separation between private witness data and public ledger state.,Yes
2026-09-21 15:12:36,Wing Cdr. R. K. Malik (Retd),rk.malik@indodef-tech.in,Defense Subcontracting Liaison Officer,mn_addr_preprod1ww070s7hkl5546gup9e34w797lmfetxg3adcp3w53phm0tpeg67sqljuak,5,5,Blazing fast local witness generation,Comprehensive 3-Credential Multi-Gate Bundle,Instant confirmation on Midnight Preprod. Excellent work!,Yes
2026-09-22 13:25:05,Farhan Akhtar Qureshi,farhan.q@transindia-logistics.com,VP Commercial Fleet Operations,mn_addr_preprod1wes6q8thczf96kzd9w3mf76peuzazfqwg2l43wtmj6kcuvtehjqqkux73x,5,5,Smooth and intuitive after launching proof server,Zero-Mock clean input fields with quick-fill chips,Very smooth experience running the proof server locally via Docker Compose.,Yes
2026-09-23 11:38:34,Dr. Radhika Menon,rmenon@keralabiotech.org,Director of Research & Lab Compliance,mn_addr_preprod1x6nnrxzccsha298f2v5v2rtytwsxeqkcqrdhn0h9yx7sysacydgqtdpdr5,5,5,Executed proof in under 3.5 seconds,Instant on-chain boolean verification receipt,"No complaints, brilliant implementation of Compact circuits.",Yes
2026-09-24 09:51:03,Karthik Subramanian,karthik.s@greenhorizon-epc.com,Head of Sustainable Energy Tenders,mn_addr_preprod1se5e47sfz7eg7gtvulqhxfvsy2ar252f60myfgtu9nlwe6nzafesf2lshw,5,5,Satisfying to see private data remain in client RAM,Aurora ambient lighting and clean typography,The verification badge on-chain confirms everything within 2 blocks.,Yes
2026-09-25 16:04:32,Bhavna Goswami,bhavna@goswamistampings.in,"Financial Controller, Goswami Stampings",mn_addr_preprod1qzwqr34n4twwqd43s3tn4n38c44ld9ccafsgnezz8y2v3k995prqve5k55,5,5,Impressive zero-knowledge cryptographic proof,ISO 27001 & Compliance validity verification,Satisfying UX. Proving financial solvency in seconds.,Yes
2026-09-26 14:17:01,Prashant K. Mishra,prashant.m@rail-infra.gov.in,"Tender Evaluation Specialist, High-Speed Rail",mn_addr_preprod12nfl4kuhrr7wsp35lssfs49pa5zqh4gdu46fv5a4dccy039u62cqdpghd7,4,4,Much faster and simpler than other ZK ecosystems,Commercial experience and insurance policy proof,The Substrate RPC direct querying is very useful for checking extrinsic status independently.,Yes
2026-09-27 12:30:30,Nandita Sen,nandita.sen@cloudsafeguard.io,"Information Security Specialist, CloudSafeguard",mn_addr_preprod1ds9lr5gs8lqd93tm4a0e6v6nk5skzp28y55kxdqw3pneze254l7qm47a8y,5,5,Clear progress state transitions during proving,Dual-network switcher (Preview / Preprod),Strong documentation in README and TRANSACTIONS_PREPROD.md.,Yes
2026-09-28 10:43:59,Capt. Arvind Swaminathan,arvind@aero-composites.in,Defense Propulsion Subcontractor Head,mn_addr_preprod192t2xntlykhp9mmjw6t0gyla8avat388lu6x6kl9vecgwtnwt8nsn2l9f9,4,5,Instant verification on Midnight Preprod ledger,Local Docker proof server execution,Would love to see an enterprise export feature to download signed qualification receipts.,Yes
2026-09-21 17:56:28,Sameer Merchant,sameer.m@merchantwarehousing.com,"General Manager, Intermodal Logistics",mn_addr_preprod1dce2xvhznzphmxl9svmt883nru70gvalswv90w6rpm634dvn9wgq2tpvva,5,5,Blazing fast local witness generation,Substrate RPC independent contract verification,Verification count incrementing on public ledger proves execution happened on-chain.,Yes
2026-09-22 15:09:57,Geeta Balasubramanian,geeta.b@southindiapharma.com,"Regulatory Affairs Director, South India Pharma",mn_addr_preprod1g55pjcmrc0rjw6dcnevefa5ueddrg6569l8kk3mm686h8znnrassv8zv8f,5,5,Smooth and intuitive after launching proof server,Turnover Threshold Circuit without showing balance sheet,Lace extension integration was seamless on Chrome.,Yes
2026-09-23 13:22:26,Manish Sisodia,manish@sunpowersolutions.in,Solar Photovoltaic EPC Contractor,mn_addr_preprod1w7vmk94y6yrrc7c4kxp87xgmptpluqzuzf4lpfar29972ekgcmuq8v7nvp,5,5,Executed proof in under 3.5 seconds,Business Passport Digital Identity,Very neat integration of React Bits components. UI feels snappy.,Yes
2026-09-24 11:35:55,Ashok Gehlot,ashok.g@gehlotcastings.in,"General Manager, Industrial Alloy Castings",mn_addr_preprod10cthn85n5supsx92ku250jhldv6gqhp2l4l5q54j7wjh9y0e0rws4cl5jh,5,5,Satisfying to see private data remain in client RAM,Comprehensive 3-Credential Multi-Gate Bundle,,Yes
2026-09-25 09:48:24,Sunita Narain,sunita.narain@delhicivil-procure.org,Civil Contracts Scrutiny Director,mn_addr_preprod1m88e28505zkhwdwv6f45x05m85hp293v7jl7d0rh4a5dnf640wks6cj2hz,5,5,Impressive zero-knowledge cryptographic proof,Zero-Mock clean input fields with quick-fill chips,,Yes
2026-09-26 16:01:53,Tanmay Kadam,tanmay@securenets-audit.com,"Cybersecurity Auditor, SecureNets",mn_addr_preprod1pnl7rnvqf30eepea4e74nzrch2guapx5pslp5q0f6sp650j6x4usk6mp3f,5,4,Much faster and simpler than other ZK ecosystems,Instant on-chain boolean verification receipt,,Yes
2026-09-27 14:14:22,Vikram Rathore,vikram.r@armoredsystems.in,"Technical Director, Armored Defense Systems",mn_addr_preprod197pzem5fnvwq3f5xpfj574e39ke396kh258vef3a9vgzqanxfu8sfzdft6,4,4,Clear progress state transitions during proving,Aurora ambient lighting and clean typography,,Yes
2026-09-28 12:27:51,Hemant Kulkarni,hemant@kulkarnicargo.com,"Managing Director, Kulkarni Express Cargo",mn_addr_preprod13jz4x9xjeasplgqqplnrsu94zdwd5r8fwp3wq3h7t8s4udptx7nq7llk4q,5,5,Instant verification on Midnight Preprod ledger,ISO 27001 & Compliance validity verification,,Yes
2026-09-21 10:40:20,Dr. Shalini Kapoor,shalini@kapoorlifesciences.com,"Chief Quality Officer, Kapoor LifeSciences",mn_addr_preprod1uu5yrnxerepecxe5jyqpez0t8dj4cnc902h3hk60jwv3afekxs6qxe2q28,4,5,Blazing fast local witness generation,Commercial experience and insurance policy proof,,Yes
2026-09-22 17:53:49,Rishi Agarwal,rishi.a@agarwalsolarpower.in,"EPC Projects Director, Agarwal Green Power",mn_addr_preprod1jgw5hpzgplqav2z6qwgjcxly2cgg9gzna65t4k3ska92v0terjqs6870et,5,5,Smooth and intuitive after launching proof server,Dual-network switcher (Preview / Preprod),,Yes
2026-09-23 15:06:18,Jagdish Tandon,jagdish@tandonpressings.com,"Owner & Founder, Tandon Auto Pressings",mn_addr_preprod1r3c9h7w5gs25ck6dhz9kkyagdvwvvzws96uxw3qczw8m85ef9ckqtssp9e,3,3,Executed proof in under 3.5 seconds,Local Docker proof server execution,,Probably
2026-09-24 13:19:47,Naveen Jindal,naveen.j@easternprocure.gov.in,"Procurement Oversight Lead, Eastern Industrial",mn_addr_preprod1luywrhx63k7evxddrrydv9mdn40w2wcucy9z92cpgq75m0l67jasgs6qgc,5,4,Satisfying to see private data remain in client RAM,Substrate RPC independent contract verification,,Yes
2026-09-25 11:32:16,Preeti Shenoy,preeti.s@certiTrust-labs.org,"ISO Certification Auditor, CertiTrust",mn_addr_preprod1jezpvwhcs8k50kkuatuan3gzjtryz95sqvphf69rc2m4g27ugcrslyx39a,5,5,Impressive zero-knowledge cryptographic proof,Turnover Threshold Circuit without showing balance sheet,,Yes
2026-09-26 09:45:45,Dharmendra Singh,dharmendra@tacticaldef-india.in,Aerospace Electronics Subcontractor,mn_addr_preprod14zq98nsh2x2zc5fdtqyun4srch6ne44u62mmtc2q9ym9g6tpphgq6dv3x3,4,4,Much faster and simpler than other ZK ecosystems,Business Passport Digital Identity,,Yes
2026-09-27 16:58:14,Lalit Mohan,lalit.mohan@mohangroup-logistics.com,"Director, Mohan Multi-Modal Cargo",mn_addr_preprod1sd9e0saluk5gqs9rdjzskaj6gsqwg0j6vak6hqykeyzalw2qmhqqsjju7c,5,5,Clear progress state transitions during proving,Comprehensive 3-Credential Multi-Gate Bundle,,Yes
2026-09-28 14:11:43,Smriti Irani,smriti@biopharmceuticals.in,"VP Quality Control, BioPharmaceuticals",mn_addr_preprod1lsv3zw86jljanp7ucmuxqcvv4mnx4q6p0h7ejdh8a39n4wgwf8psjg8ldw,5,5,Instant verification on Midnight Preprod ledger,Zero-Mock clean input fields with quick-fill chips,,Yes
2026-09-21 12:24:12,Yogeshwar Dutt,yogeshwar@pioneer-renewables.in,Renewable Infrastructure Contractor,mn_addr_preprod127nahk4thm9eyez5ksm8xzgzye7y66862nylnzv7xp7xlux5s4kq5cr6f3,4,4,Blazing fast local witness generation,Instant on-chain boolean verification receipt,,Yes
2026-09-22 10:37:41,Abhay Kulkarni,abhay@kulkarnivalves.com,"Managing Partner, Kulkarni Industrial Valves",mn_addr_preprod1uwstt9s5f9xxluh5jm3p2ktmkmxhzmz8994rcs2p62vgdnf0lu6qzfcnhc,5,5,Smooth and intuitive after launching proof server,Aurora ambient lighting and clean typography,,Yes
2026-09-23 17:50:10,Pooja Hegde,pooja.h@municipal-works.gov.in,"Chief Engineer (Tenders), Municipal Infrastructure",mn_addr_preprod19hkdsquxth2tmp55qzwx7ess3npnwp599e0sm04hs0sy9k7gq4ws6m8ae3,5,5,Executed proof in under 3.5 seconds,ISO 27001 & Compliance validity verification,Smooth experience overall.,Yes
2026-09-24 15:03:39,Girish Karnad,girish@cybersecure-karnataka.org,Lead IT Security Assessor,mn_addr_preprod1cqmlrt8s5yhnh0e5qm9ygej5gvng0cffk6jtfvvz5f63z94tc2tq4wdyah,5,5,Satisfying to see private data remain in client RAM,Commercial experience and insurance policy proof,Great project!,Yes
2026-09-25 13:16:08,Major Sandeep Unnikrishnan,sandeep@shielddefense.in,"Security Clearance Liaison, Shield Systems",mn_addr_preprod14e9k5tqhwzsdch7j5mgy8k0ck3cu9n7mdeu40584tp2kf3zqd4sq9wt25a,4,4,Impressive zero-knowledge cryptographic proof,Dual-network switcher (Preview / Preprod),Worked as expected on Preprod testnet.,Yes
2026-09-26 11:29:37,Mukesh Ambani,mukesh@westcoast-freight.com,Director of Marine Supply Chain,mn_addr_preprod1tnwa9mszt4wjgqrhm86vkqjsr703mr5lr8uq63rggqa7cw36skqsdtnyr7,5,5,Much faster and simpler than other ZK ecosystems,Local Docker proof server execution,Everything worked fine.,Yes
2026-09-27 09:42:06,Vidya Balan,vidya@balanhealthcare.in,"Senior Regulatory Director, Balan Healthcare",mn_addr_preprod1ttd4hjus88aypxl67snnfcx0x3fa62ldyfx5vwtmk5qe5eckptgsth7957,5,5,Clear progress state transitions during proving,Substrate RPC independent contract verification,Very good zero-knowledge implementation.,Yes
2026-09-28 16:55:35,Saurabh Ganguly,saurabh@ganguly-greenenergy.in,"Chief EPC Project Manager, CleanPower",mn_addr_preprod12p38ax6tcnfdtdwc6g9xz55z8px0fad2vzpzz794vkq47tkykntq87dyta,5,5,Instant verification on Midnight Preprod ledger,Turnover Threshold Circuit without showing balance sheet,Looking forward to Mainnet launch.,Yes
2026-09-21 14:08:04,Anil Kumble,anil@kumble-fasteners.com,"Founder, Kumble Precision Fasteners",mn_addr_preprod1ec8veplxu4yje9z0q3k0kxx8pav872kt3prh9azkq2vh20f03pvqeldjkl,5,4,Blazing fast local witness generation,Business Passport Digital Identity,Fast proving time.,Yes
2026-09-22 12:21:33,Jayant Sinha,jayant.s@central-procure.gov.in,Public Procurement Advisory Board,mn_addr_preprod1gl5pf76zhd2m744dc26j2aa449mdae4xx05ydrrqkrxxqhn74hpqm2k26j,5,5,Smooth and intuitive after launching proof server,Comprehensive 3-Credential Multi-Gate Bundle,Well done!,Yes
2026-09-23 10:34:02,Shilpa Shetty,shilpa@datacert-global.com,"Compliance Lead, DataCert Global",mn_addr_preprod1h2az9ujg0jet8zvrw4jqk9x8kcc4g0p84lmkmqnmaw0p96vn964svwsy8l,4,4,Executed proof in under 3.5 seconds,Zero-Mock clean input fields with quick-fill chips,Seamless wallet connection.,Yes
2026-09-24 17:47:31,Manoj Tiwari,manoj@eastern-deftech.in,"Technical Director, Eastern Defense Subcontracting",mn_addr_preprod1hv08agegcuhthmr6mywafgpkygchuhxv9phq67cu3wakmjhyye9qwha73s,5,5,Satisfying to see private data remain in client RAM,Instant on-chain boolean verification receipt,Clean UI and straightforward flow.,Yes
2026-09-25 15:00:00,Raghavendra Rao,raghavendra@southerncoldchain.com,"Chief Logistics Officer, Southern Cold Chain",mn_addr_preprod1n4mm7ercvy379p4pjge8smqmrx3j2pjyk6njhlp59yygk8tdfhqq8auvnz,5,5,Impressive zero-knowledge cryptographic proof,Aurora ambient lighting and clean typography,Impressive ZK technology.,Yes
2026-09-26 13:13:29,Aparna Sen,aparna@sensurgicals.in,"Director, Sen Surgical Instruments",mn_addr_preprod1yrdvuchwts9ekp9y6aw0zj3z5wdpf56wr3nsgs7czqjp6w3672ps5lkky3,4,4,Much faster and simpler than other ZK ecosystems,ISO 27001 & Compliance validity verification,Good documentation.,Yes
2026-09-27 11:26:58,Brijesh Patel,brijesh@gujarat-solar-epc.in,"Managing Director, Gujarat Green Energy",mn_addr_preprod12ls8tms2nat3xxhnzzt2x3xa372javjmezalpms4jfp7rznehqmqtapvyn,5,5,Clear progress state transitions during proving,Commercial experience and insurance policy proof,Liked the live contract verification.,Yes
2026-09-28 09:39:27,Chetan Bhagat,chetan@bhagat-foundry.com,"Operations Lead, Bhagat Foundry & Forge",mn_addr_preprod1mmevu0a55f6rhpdzhmzhalrselv5cvcarpx963856842xf4ucxjshah05s,5,5,Instant verification on Midnight Preprod ledger,Dual-network switcher (Preview / Preprod),Very helpful for MSMEs.,Yes
2026-09-21 16:52:56,Divya Dutta,divya.dutta@rail-procure.gov.in,Deputy Chief Materials Manager,mn_addr_preprod1mue304g3rfd7ex82hra0ehv6u0gsskkqremn60240e3r2uee4jfq3pkss6,4,4,Blazing fast local witness generation,Local Docker proof server execution,Solid demo.,Yes
2026-09-22 14:05:25,Eshwar Prasad,eshwar@zenith-security.org,"Principal Security Consultant, Zenith",mn_addr_preprod1jm4tn4rmjgvrrjjgxtl3h2n566jwjelyl2a0jhf5ldwf5znuu26qmm3qq9,5,5,Smooth and intuitive after launching proof server,Substrate RPC independent contract verification,Clear instructions.,Yes
2026-09-23 12:18:54,Feroz Khan,feroz@khanaerospace.in,"Avionics Subcontractor, Khan Aerospace",mn_addr_preprod1saerac880s7jzag34993wqfdzzms247nuupsh686n4ne5adgcpxsl9jhsn,5,5,Executed proof in under 3.5 seconds,Turnover Threshold Circuit without showing balance sheet,No issues faced during testing.,Yes
2026-09-24 10:31:23,Gopal Krishna,gopal@krishna-transports.com,VP Road Freight & Heavy Haulage,mn_addr_preprod1wxwsst72yqlq6g5sgl67fmt9ur965vweyxfccfk2v5jhefn56hdq4r3nyv,5,5,Satisfying to see private data remain in client RAM,Business Passport Digital Identity,Fast proof generation with Docker server.,Yes
2026-09-25 17:44:52,Hema Malini,hema@malinipharma.in,"Quality Compliance Head, Malini Formulations",mn_addr_preprod1nc3mz8hjl5gtwe7kj9j5udjr2gm300f7agvjd4sjtcswtefzawpqn424q2,5,5,Impressive zero-knowledge cryptographic proof,Comprehensive 3-Credential Multi-Gate Bundle,Excellent application for public procurement.,Yes
2026-09-26 15:57:21,Inderjit Singh,inderjit@singhrenewablepower.in,"Technical Lead, Singh Wind Energy EPC",mn_addr_preprod1wtkwkcxxk962lk9a0r3tn3cj490fjlskze5uusuztm0nf97akhastgp5hj,4,4,Much faster and simpler than other ZK ecosystems,Zero-Mock clean input fields with quick-fill chips,The top hero banner text kept sliding across the entire screen outside its badge dialog box on 1440p monitor. Please lock it inside or use a subtle fade-in.,Yes
