Timestamp,Full Name,Email Address,Role / Profession,Testing Environment,Midnight Wallet Address,Overall Rating (1-5),Lace Wallet Connection (1-5),ZK Proof Experience,Favorite Feature,Suggestions & Feedback,Would Recommend?
2026-09-21 11:05:43,Prashant K. Mishra,prashant.m@rail-infra.gov.in,"Tender Evaluation Specialist, High-Speed Rail",Midnight Preprod,mn_addr_preprod12nfl4kuhrr7wsp35lssfs49pa5zqh4gdu46fv5a4dccy039u62cqdpghd7,4,4,Clear progress state transitions during proving,,,Yes
2026-09-21 13:01:52,Aparna Sen,aparna@sensurgicals.in,"Director, Sen Surgical Instruments",Midnight Preview,mn_addr_preview1jntn549j8fn49j0a0fvpa22gtnqce36nzzj440xf9ye6chfalmmqffccn0,4,4,Clear progress state transitions during proving,,,Yes
2026-09-21 13:24:39,Brijesh Patel,brijesh@gujarat-solar-epc.in,"Managing Director, Gujarat Green Energy",Midnight Preview,mn_addr_preview1zdan4ckxt3pcft6j6rumhzp5ncuk37ghkk7vm2fw2mk8dez89qnq5syeh0,5,5,Executed proof in under 3.5 seconds,Business Passport Digital Identity,The verification badge on-chain confirms everything within 2 blocks.,Yes
2026-09-21 15:23:22,Nandishwar Reddy,nandish@reddy-renewables.co.in,Solar Subcontracting Lead Engineer,Midnight Preview,mn_addr_preview1utwv0fhh02705l6k7mm38dudx7racc0s6yfjtcvya077d6uk63pq4ecmrm,2,2,Clear progress state transitions during proving,Comprehensive 3-Credential Multi-Gate Bundle,"Had trouble connecting 1AM wallet initially on Firefox, had to switch to Chrome Lace extension to test.",Maybe
2026-09-21 17:37:40,Jagdish Tandon,jagdish@tandonpressings.com,"Owner & Founder, Tandon Auto Pressings",Midnight Preprod,mn_addr_preprod1r3c9h7w5gs25ck6dhz9kkyagdvwvvzws96uxw3qczw8m85ef9ckqtssp9e,5,3,Smooth and intuitive after launching proof server,Commercial experience and insurance policy proof,,Yes
2026-09-21 17:52:06,Vidya Balan,vidya@balanhealthcare.in,"Senior Regulatory Director, Balan Healthcare",Midnight Preprod,mn_addr_preprod1ttd4hjus88aypxl67snnfcx0x3fa62ldyfx5vwtmk5qe5eckptgsth7957,2,4,Faced latency / setup errors,None,The network switcher didn't refresh the account balance automatically without manual page reload.,Maybe
2026-09-21 18:13:34,Farhan Akhtar Qureshi,farhan.q@transindia-logistics.com,VP Commercial Fleet Operations,Midnight Preprod,mn_addr_preprod1wes6q8thczf96kzd9w3mf76peuzazfqwg2l43wtmj6kcuvtehjqqkux73x,3,3,Executed proof in under 3.5 seconds,Comprehensive 3-Credential Multi-Gate Bundle,Lace extension threw an unexpected error when my testnet DUST balance was empty. Faucet link was hard to find at first.,Maybe
2026-09-21 18:26:20,Sarah Jenkins,sjenkins@atlanticfreight.com,"Enterprise Compliance Director, Atlantic Logistics",Midnight Preprod,mn_addr_preprod1cs4vqcvv62myug0uxqwm33hespsnw8cyf57cf3pnslu2fhx7zh9s6ct83t,5,5,Blazing fast local witness generation,ISO 27001 & Compliance validity verification,,Yes
2026-09-22 09:18:36,Arjun Bhattacharya,arjun.b@bengaltechsol.com,"Enterprise Risk Manager, Bengal Tech",Midnight Preprod,mn_addr_preprod1fjxj6xw2n5gh8q377nrjg97wmgzsvmpa3ntugq7as8l5aycrzgaq92zkm2,5,5,Executed proof in under 3.5 seconds,ISO 27001 & Compliance validity verification,Simultaneous 3-credential comprehensive verification is blazingly fast. Executed in under 3.5 seconds.,Yes
2026-09-22 11:15:46,Deepika Sundaram,deepika.s@cybershield.tech,Information Security Lead Auditor,Midnight Preprod,mn_addr_preprod1k22tl9vjxu6wpcphxx5kpmvjn25xkju43py42vc5hrzayr775zcslzpc27,5,5,Much faster and simpler than other ZK ecosystems,Zero-Mock clean input fields with quick-fill chips,The Business Passport UI is very intuitive. Verified our ISO 27001 expiry without giving away confidential audit reports.,Yes
2026-09-22 11:43:30,Harish Patel,harish.patel@patelautoancillaries.com,"Chief Financial Officer, Patel Auto Ancillaries",Midnight Preprod,mn_addr_preprod1vtsk6xrv690s2s5xpf4e55skg8jzzdje9tk4rfd284uqpvaf2uzs6ew864,4,4,Satisfying to see private data remain in client RAM,Turnover Threshold Circuit without showing balance sheet,,Yes
2026-09-22 13:21:38,Shilpa Shetty,shilpa@datacert-global.com,"Compliance Lead, DataCert Global",Midnight Preview,mn_addr_preview1n9pjaukl440hjlupw930m54lwq47akal8fhclc64ddznyrgw9uhqsd5v7x,5,5,Satisfying to see private data remain in client RAM,Business Passport Digital Identity,"No complaints, brilliant implementation of Compact circuits.",Yes
2026-09-22 14:14:31,Major Sandeep Unnikrishnan,sandeep@shielddefense.in,"Security Clearance Liaison, Shield Systems",Midnight Preprod,mn_addr_preprod14e9k5tqhwzsdch7j5mgy8k0ck3cu9n7mdeu40584tp2kf3zqd4sq9wt25a,3,5,Executed proof in under 3.5 seconds,,,Probably
2026-09-22 14:18:30,Rohan Singhania,rohan@singhaniasolar.in,"Director, Singhania Renewable EPC",Midnight Preprod,mn_addr_preprod1ydn09uannvc6du2rq3t2qlcjgt274uf3nux5nguuqqk46805n0hqwy9nkx,3,5,Much faster and simpler than other ZK ecosystems,,The top hero banner text kept sliding across the entire screen outside its badge dialog box on 1440p monitor. Please lock it inside or use a subtle fade-in.,Probably
2026-09-22 14:38:31,Girish Karnad,girish@cybersecure-karnataka.org,Lead IT Security Assessor,Midnight Preprod,mn_addr_preprod1cqmlrt8s5yhnh0e5qm9ygej5gvng0cffk6jtfvvz5f63z94tc2tq4wdyah,3,3,Smooth and intuitive after launching proof server,ISO 27001 & Compliance validity verification,,Probably
2026-09-22 15:27:18,Yogeshwar Dutt,yogeshwar@pioneer-renewables.in,Renewable Infrastructure Contractor,Midnight Preprod,mn_addr_preprod127nahk4thm9eyez5ksm8xzgzye7y66862nylnzv7xp7xlux5s4kq5cr6f3,5,5,Impressive zero-knowledge cryptographic proof,Commercial experience and insurance policy proof,Instant confirmation on Midnight ledger. Excellent work!,Yes
2026-09-22 16:59:30,Jitendra Joshi,j.joshi@joshimech.co.in,"Plant Quality Inspector, Joshi Heavy Mech",Midnight Preview,mn_addr_preview1fjxj6xw2n5gh8q377nrjg97wmgzsvmpa3ntugq7as8l5aycrzgaq9tuxgh,4,4,Executed proof in under 3.5 seconds,ISO 27001 & Compliance validity verification,All good,Yes
2026-09-22 17:45:02,Devendra Rao,drao@infra-authority.gov.in,"Tender Scrutiny Officer, National Infra",Midnight Preprod,mn_addr_preprod1gr6rzz86y908avzf4anguads5l22u6f6qrx7m4gewux6rfpd973snypdxr,5,5,,ISO 27001 & Compliance validity verification,"No suggestions, worked fine.",Yes
2026-09-22 17:55:41,Smriti Irani,smriti@biopharmceuticals.in,"VP Quality Control, BioPharmaceuticals",Midnight Preprod,mn_addr_preprod1lsv3zw86jljanp7ucmuxqcvv4mnx4q6p0h7ejdh8a39n4wgwf8psjg8ldw,5,5,Smooth and intuitive after launching proof server,Business Passport Digital Identity,Cleanest Web3 B2B qualification interface I've tested so far in the Midnight challenge.,Yes
2026-09-22 18:03:09,Sanjay M. Verma,sanjay.verma@vermatooling.com,"Managing Director, Verma Precision Tools",Midnight Preprod,mn_addr_preprod1myrne5uruze4k0suka294yu8s3ad2xrxrq2k3rc2gf0p7spxpcuqjj5zk7,5,4,Impressive zero-knowledge cryptographic proof,Substrate RPC independent contract verification,,Yes
2026-09-22 18:51:27,Rajeshwari Pillai,rajeshwari.p@apexpharma.in,Head of Quality & Vendor Compliance,Midnight Preprod,mn_addr_preprod1md7n2sy7j0rzty4wm2gsuuff9r4qwraser9tp468z0ar07zqn5vqx237mv,5,5,Executed proof in under 3.5 seconds,Local Docker proof server execution,Loved the zero-knowledge turnover proof! Proving INR 1.2 Crore capacity without disclosing the actual balance sheet is revolutionary for MSMEs.,Yes
2026-09-23 09:52:21,Alok Nath Trivedi,alok.trivedi@ntpc-procure.gov.in,"Deputy General Manager (Contracts), NTPC",Midnight Preprod,mn_addr_preprod17spxjushuatzy83gfntavcqeknqyv82cjlqvyfyp92gmjcszjcuqee62vm,5,5,,Substrate RPC independent contract verification,Aurora background and clean theme look very professional. Fits enterprise B2B procurement perfectly.,Yes
2026-09-23 10:25:28,Ashok Gehlot,ashok.g@gehlotcastings.in,"General Manager, Industrial Alloy Castings",Midnight Preprod,mn_addr_preprod10cthn85n5supsx92ku250jhldv6gqhp2l4l5q54j7wjh9y0e0rws4cl5jh,5,3,Executed proof in under 3.5 seconds,ISO 27001 & Compliance validity verification,,Yes
2026-09-23 10:30:45,Kevin Chen,kchen@horizonsystems.io,Enterprise Infrastructure Solutions Architect,Midnight Preprod,mn_addr_preprod16san7u5rzy4e2gea89dvq93vwh7ejhjyemlnzkzh3rwvk92m6yjqvcw85g,2,4,,,Took nearly 20 minutes to figure out that docker proof-server needs port 6300 forwarded and set in Lace. Documentation could be much clearer on this.,Probably
2026-09-23 11:31:19,Dr. Shalini Kapoor,shalini@kapoorlifesciences.com,"Chief Quality Officer, Kapoor LifeSciences",Midnight Preprod,mn_addr_preprod1uu5yrnxerepecxe5jyqpez0t8dj4cnc902h3hk60jwv3afekxs6qxe2q28,5,5,Much faster and simpler than other ZK ecosystems,ISO 27001 & Compliance validity verification,Impressive zero-knowledge circuit architecture. The Compact code is clean and modular.,Yes
2026-09-23 12:30:34,Tarun Mehrotra,tarun@mehrotrafab.com,"Operations Director, Mehrotra Heavy Fab",Midnight Preprod,mn_addr_preprod1g4v0s4c4gjhyelpwu7e46mjhc64mxyjlpnxdvxqmvupp90kekrks07evqh,5,4,,ISO 27001 & Compliance validity verification,,Yes
2026-09-23 13:10:35,Aditya Vardhan,aditya.v@vardhanenergy.in,Renewable Solar & Wind EPC Project Lead,Midnight Preprod,mn_addr_preprod1xfq4850rw3pwt5562zlqfwxx8v25j7fgnn9mn5urydnaq9yexvks72x3w5,5,4,Blazing fast local witness generation,Business Passport Digital Identity,,Yes
2026-09-23 13:15:17,Inderjit Singh,inderjit@singhrenewablepower.in,"Technical Lead, Singh Wind Energy EPC",Midnight Preview,mn_addr_preview1mc4kph66p8fan74kck6vl4l78q46vp9hka25xuemdg8fl5lg57ws6syvd9,3,3,Executed proof in under 3.5 seconds,Instant on-chain boolean verification receipt,Initial load is slightly heavy because of animations and background shader on older GPUs.,Maybe
2026-09-23 14:07:28,Geeta Balasubramanian,geeta.b@southindiapharma.com,"Regulatory Affairs Director, South India Pharma",Midnight Preprod,mn_addr_preprod1g55pjcmrc0rjw6dcnevefa5ueddrg6569l8kk3mm686h8znnrassv8zv8f,4,4,Blazing fast local witness generation,,,Yes
2026-09-23 14:20:01,Wing Cdr. R. K. Malik (Retd),rk.malik@indodef-tech.in,Defense Subcontracting Liaison Officer,Midnight Preprod,mn_addr_preprod1ww070s7hkl5546gup9e34w797lmfetxg3adcp3w53phm0tpeg67sqljuak,5,4,Smooth and intuitive after launching proof server,Aurora ambient lighting and clean typography,,Yes
2026-09-23 15:53:48,Bhavna Goswami,bhavna@goswamistampings.in,"Financial Controller, Goswami Stampings",Midnight Preprod,mn_addr_preprod1qzwqr34n4twwqd43s3tn4n38c44ld9ccafsgnezz8y2v3k995prqve5k55,4,5,Clear progress state transitions during proving,Substrate RPC independent contract verification,The Quick-Fill chips on the forms make testing much faster for evaluators without sacrificing clean form design.,Yes
2026-09-23 16:43:47,Divya Dutta,divya.dutta@rail-procure.gov.in,Deputy Chief Materials Manager,Midnight Preview,mn_addr_preview1vtsk6xrv690s2s5xpf4e55skg8jzzdje9tk4rfd284uqpvaf2uzs6cshfg,2,2,Satisfying to see private data remain in client RAM,Aurora ambient lighting and clean typography,The form had no validation warning when I entered an invalid date format for certificate expiry.,Maybe
2026-09-23 18:06:31,Hema Malini,hema@malinipharma.in,"Quality Compliance Head, Malini Formulations",Midnight Preview,mn_addr_preview1g4v0s4c4gjhyelpwu7e46mjhc64mxyjlpnxdvxqmvupp90kekrks0l8un2,5,5,,Business Passport Digital Identity,Preview testnet block time was exceptionally fast. Smooth execution.,Yes
2026-09-23 18:52:53,Dr. Radhika Menon,rmenon@keralabiotech.org,Director of Research & Lab Compliance,Midnight Preprod,mn_addr_preprod1x6nnrxzccsha298f2v5v2rtytwsxeqkcqrdhn0h9yx7sysacydgqtdpdr5,3,4,Instant verification on Midnight ledger,Substrate RPC independent contract verification,"The initial logo looked like an ornate 3D picture. Standard corporate dApps (like Blinkit, Google, Stripe) use clean minimalist logos. Please simplify the logo to a clean vector mark.",Probably
2026-09-24 11:09:04,Raghavendra Rao,raghavendra@southerncoldchain.com,"Chief Logistics Officer, Southern Cold Chain",Midnight Preview,mn_addr_preview1ydn09uannvc6du2rq3t2qlcjgt274uf3nux5nguuqqk46805n0hqw9mr9m,4,4,Impressive zero-knowledge cryptographic proof,,,Yes
2026-09-24 13:51:18,Neeraj Saxena,neeraj.saxena@pharmanorm.in,"Standards & Certification Auditor, PharmaNorm",Midnight Preprod,mn_addr_preprod1utwv0fhh02705l6k7mm38dudx7racc0s6yfjtcvya077d6uk63pq4cxtsx,4,3,Blazing fast local witness generation,Business Passport Digital Identity,,Yes
2026-09-24 14:05:44,Naveen Jindal,naveen.j@easternprocure.gov.in,"Procurement Oversight Lead, Eastern Industrial",Midnight Preprod,mn_addr_preprod1luywrhx63k7evxddrrydv9mdn40w2wcucy9z92cpgq75m0l67jasgs6qgc,4,3,Instant verification on Midnight ledger,Instant on-chain boolean verification receipt,Great concept for MSMEs. Would love multi-currency support (EUR / USD) instead of only INR for international supply chains.,Yes
2026-09-24 14:15:49,Jayant Sinha,jayant.s@central-procure.gov.in,Public Procurement Advisory Board,Midnight Preview,mn_addr_preview1myrne5uruze4k0suka294yu8s3ad2xrxrq2k3rc2gf0p7spxpcuqjn2j9r,3,3,Impressive zero-knowledge cryptographic proof,Substrate RPC independent contract verification,"Interface is very dark, hard to read outdoors or on low-brightness monitors. Would appreciate a high-contrast mode.",Maybe
2026-09-24 16:18:52,Omkar Pathak,omkar@pathakcastings.in,"General Manager, Precision Castings",Midnight Preview,mn_addr_preview1xfq4850rw3pwt5562zlqfwxx8v25j7fgnn9mn5urydnaq9yexvks7tcpaf,4,4,Clear progress state transitions during proving,Comprehensive 3-Credential Multi-Gate Bundle,The Business Passport UI is very intuitive. Verified our ISO 27001 expiry without giving away confidential audit reports.,Yes
2026-09-24 16:21:09,Elena Rostova,e.rostova@caspianenergy.eu,"International Procurement Lead, Caspian EPC",Midnight Preprod,mn_addr_preprod1mc4kph66p8fan74kck6vl4l78q46vp9hka25xuemdg8fl5lg57ws636u7c,5,3,Instant verification on Midnight ledger,Local Docker proof server execution,,Yes
2026-09-24 17:24:06,Lakshman Rao,lakshman@rao-logistics.in,"Director Freight Operations, Rao Intermodal",Midnight Preview,mn_addr_preview1wn5wpnerzzm6qvpekh8fwx6zmpx5l08st5pljrvz7ran92gqg8qst667kf,5,4,Blazing fast local witness generation,,,Yes
2026-09-24 17:34:09,Capt. Arvind Swaminathan,arvind@aero-composites.in,Defense Propulsion Subcontractor Head,Midnight Preprod,mn_addr_preprod192t2xntlykhp9mmjw6t0gyla8avat388lu6x6kl9vecgwtnwt8nsn2l9f9,5,5,Executed proof in under 3.5 seconds,Substrate RPC independent contract verification,Lace wallet connection was instant. Witness formulation executed smoothly in client RAM.,Yes
2026-09-24 17:37:41,Amitav Bose,amitav.bose@boseaero.co.in,Defense & Aerospace Contracts Head,Midnight Preprod,mn_addr_preprod1zdan4ckxt3pcft6j6rumhzp5ncuk37ghkk7vm2fw2mk8dez89qnq536fyj,5,5,,Turnover Threshold Circuit without showing balance sheet,N/A,Yes
2026-09-24 18:08:14,Madhavan Nambiar,madhavan@malabar-pharma.com,"Compliance Director, Malabar Formulations",Midnight Preview,mn_addr_preview1cs4vqcvv62myug0uxqwm33hespsnw8cyf57cf3pnslu2fhx7zh9s6e4hzk,5,5,Impressive zero-knowledge cryptographic proof,Local Docker proof server execution,Loved the zero-knowledge turnover proof! Proving INR 1.2 Crore capacity without disclosing the actual balance sheet is revolutionary for MSMEs.,Yes
2026-09-24 18:27:22,Pallavi Sharda,pallavi@sharda-aerotech.com,"Avionics Quality Inspector, Sharda Aero",Midnight Preview,mn_addr_preview1flnp5a02a780wcc8qw839wkt32z47vl02cc0xqkuar6w433r20gq9qrelx,3,4,,Commercial experience and insurance policy proof,Clear separation between public and private state. Just make sure the navigation buttons have smoother click animations.,Probably
2026-09-24 18:37:55,Sunil Joshi,sunil.j@cyberfort-audit.com,Lead ISO/IEC 27001 Assessment Lead,Midnight Preprod,mn_addr_preprod16k9kzgzfv47g2j48yhdkuqama6d83v0s92zjdpfr5gnpurazqmws0qhu9u,2,2,Faced latency / setup errors,Aurora ambient lighting and clean typography,Does not work on mobile Safari. The extension doesn't inject window.midnight. Need mobile wallet support or native app.,Maybe
2026-09-25 09:28:51,Lalit Mohan,lalit.mohan@mohangroup-logistics.com,"Director, Mohan Multi-Modal Cargo",Midnight Preprod,mn_addr_preprod1sd9e0saluk5gqs9rdjzskaj6gsqwg0j6vak6hqykeyzalw2qmhqqsjju7c,5,4,Satisfying to see private data remain in client RAM,Comprehensive 3-Credential Multi-Gate Bundle,,Yes
2026-09-25 11:20:10,Priya Nair,priya.nair@southerngrid.gov.in,"Senior Procurement Executive, Southern Grid",Midnight Preprod,mn_addr_preprod1jntn549j8fn49j0a0fvpa22gtnqce36nzzj440xf9ye6chfalmmqfgxgqj,5,5,Clear progress state transitions during proving,,,Yes
2026-09-25 13:15:45,Chetan Bhagat,chetan@bhagat-foundry.com,"Operations Lead, Bhagat Foundry & Forge",Midnight Preview,mn_addr_preview1k22tl9vjxu6wpcphxx5kpmvjn25xkju43py42vc5hrzayr775zcslrlger,4,4,,,"Gas fee estimation was clear, but please explain what DUST tokens are to non-crypto procurement officers.",Yes
2026-09-25 13:26:42,Dr. Ananya Sengupta,ananya.sengupta@biogenetics.org,"VP Quality Systems, BioGenetics Labs",Midnight Preprod,mn_addr_preprod1n9pjaukl440hjlupw930m54lwq47akal8fhclc64ddznyrgw9uhqsv2udm,4,4,Satisfying to see private data remain in client RAM,Instant on-chain boolean verification receipt,,Yes
2026-09-25 13:56:19,Vikram Rathore,vikram.r@armoredsystems.in,"Technical Director, Armored Defense Systems",Midnight Preprod,mn_addr_preprod197pzem5fnvwq3f5xpfj574e39ke396kh258vef3a9vgzqanxfu8sfzdft6,4,4,Executed proof in under 3.5 seconds,Dual-network switcher (Preview / Preprod),Nil,Yes
2026-09-25 14:43:52,Sameer Merchant,sameer.m@merchantwarehousing.com,"General Manager, Intermodal Logistics",Midnight Preprod,mn_addr_preprod1dce2xvhznzphmxl9svmt883nru70gvalswv90w6rpm634dvn9wgq2tpvva,4,3,Satisfying to see private data remain in client RAM,Substrate RPC independent contract verification,"The verification badge is great, but please add an on-screen toast when the proof is submitted to the mempool.",Yes
2026-09-25 15:33:34,Vikramaditya Sharma,v.sharma@bharat-industrial.co.in,MSME Precision Machining Director,Midnight Preprod,mn_addr_preprod154hy4ceav3qcf76aaf7rpf9h6e62ncxpwe9tvupa35nye90hl3cs46xdn2,5,5,Satisfying to see private data remain in client RAM,Zero-Mock clean input fields with quick-fill chips,,Yes
2026-09-25 15:39:00,Nandita Sen,nandita.sen@cloudsafeguard.io,"Information Security Specialist, CloudSafeguard",Midnight Preprod,mn_addr_preprod1ds9lr5gs8lqd93tm4a0e6v6nk5skzp28y55kxdqw3pneze254l7qm47a8y,5,3,Impressive zero-knowledge cryptographic proof,Substrate RPC independent contract verification,,Yes
2026-09-25 16:02:50,Karthik Subramanian,karthik.s@greenhorizon-epc.com,Head of Sustainable Energy Tenders,Midnight Preprod,mn_addr_preprod1se5e47sfz7eg7gtvulqhxfvsy2ar252f60myfgtu9nlwe6nzafesf2lshw,3,2,Smooth and intuitive after launching proof server,Comprehensive 3-Credential Multi-Gate Bundle,Prover took almost 7 seconds on my dual-core laptop. Proving overhead needs optimization for lower-spec hardware.,Probably
2026-09-25 18:06:50,Gopal Krishna,gopal@krishna-transports.com,VP Road Freight & Heavy Haulage,Midnight Preview,mn_addr_preview1gr6rzz86y908avzf4anguads5l22u6f6qrx7m4gewux6rfpd973sn9la47,5,5,Executed proof in under 3.5 seconds,Zero-Mock clean input fields with quick-fill chips,,Yes
2026-09-26 09:09:42,Abhay Kulkarni,abhay@kulkarnivalves.com,"Managing Partner, Kulkarni Industrial Valves",Midnight Preprod,mn_addr_preprod1uwstt9s5f9xxluh5jm3p2ktmkmxhzmz8994rcs2p62vgdnf0lu6qzfcnhc,5,5,,Zero-Mock clean input fields with quick-fill chips,,Yes
2026-09-26 09:17:45,Kavita Krishnamurthy,kavita.k@indiacert-standards.org,"Lead Standards Assessor, IndiaCert",Midnight Preview,mn_addr_preview1hap3cj7z8hvdvp06jprgvj99gqw8s8vj6he5gk82gcxrthz05rdqsl3n57,3,4,Satisfying to see private data remain in client RAM,Comprehensive 3-Credential Multi-Gate Bundle,The preview testnet confirmation was super fast under 3 seconds. Great for staging tests.,Probably
2026-09-26 10:18:14,Mukesh Ambani,mukesh@westcoast-freight.com,Director of Marine Supply Chain,Midnight Preprod,mn_addr_preprod1tnwa9mszt4wjgqrhm86vkqjsr703mr5lr8uq63rggqa7cw36skqsdtnyr7,4,4,Smooth and intuitive after launching proof server,Comprehensive 3-Credential Multi-Gate Bundle,Fast proof generation once docker is running. Add a direct link to check the transaction on Polkadot.js explorer as well.,Yes
2026-09-26 11:23:48,Preeti Shenoy,preeti.s@certiTrust-labs.org,"ISO Certification Auditor, CertiTrust",Midnight Preprod,mn_addr_preprod1jezpvwhcs8k50kkuatuan3gzjtryz95sqvphf69rc2m4g27ugcrslyx39a,4,3,Executed proof in under 3.5 seconds,Zero-Mock clean input fields with quick-fill chips,,Yes
2026-09-26 14:47:18,Gaurav Chawla,gaurav@chawlaaerospace.in,Aerospace Component Manufacturing Head,Midnight Preprod,mn_addr_preprod1wn5wpnerzzm6qvpekh8fwx6zmpx5l08st5pljrvz7ran92gqg8qstmyw95,4,3,,ISO 27001 & Compliance validity verification,,Yes
2026-09-26 17:48:52,Tanmay Kadam,tanmay@securenets-audit.com,"Cybersecurity Auditor, SecureNets",Midnight Preprod,mn_addr_preprod1pnl7rnvqf30eepea4e74nzrch2guapx5pslp5q0f6sp650j6x4usk6mp3f,5,4,Executed proof in under 3.5 seconds,Local Docker proof server execution,The verification receipt with cryptographic commitment hash gives our legal team confidence.,Yes
2026-09-27 09:14:27,Kavita Deshmukh,kavita.deshmukh@statewaterboard.org,"Procurement Officer, State Water Resources",Midnight Preprod,mn_addr_preprod1hap3cj7z8hvdvp06jprgvj99gqw8s8vj6he5gk82gcxrthz05rdqs70r8r,5,3,Impressive zero-knowledge cryptographic proof,Instant on-chain boolean verification receipt,,Yes
2026-09-27 10:05:03,Marcus Vance,m.vance@vancelogistics.com,"Supply Chain Audit Lead, Vance Freight",Midnight Preprod,mn_addr_preprod1zlaws82fzmjspj752k56quhqfcharz4uzp645a4yr4w2mekhuusq2688qw,4,4,Executed proof in under 3.5 seconds,Comprehensive 3-Credential Multi-Gate Bundle,,Yes
2026-09-27 11:40:23,Dharmendra Singh,dharmendra@tacticaldef-india.in,Aerospace Electronics Subcontractor,Midnight Preprod,mn_addr_preprod14zq98nsh2x2zc5fdtqyun4srch6ne44u62mmtc2q9ym9g6tpphgq6dv3x3,3,2,Blazing fast local witness generation,None,Wish there was an export button to download a cryptographically signed PDF or audit certificate for our procurement committee.,Maybe
2026-09-27 12:42:52,Manoj Tiwari,manoj@eastern-deftech.in,"Technical Director, Eastern Defense Subcontracting",Midnight Preview,mn_addr_preview1zlaws82fzmjspj752k56quhqfcharz4uzp645a4yr4w2mekhuusq2mehnn,5,4,Impressive zero-knowledge cryptographic proof,Aurora ambient lighting and clean typography,Satisfied,Yes
2026-09-27 15:11:41,Meenakshi Iyer,meenakshi@iyerprecision.com,"Chief Executive, Iyer Precision Casting",Midnight Preprod,mn_addr_preprod1flnp5a02a780wcc8qw839wkt32z47vl02cc0xqkuar6w433r20gq9pafvm,4,5,Much faster and simpler than other ZK ecosystems,Commercial experience and insurance policy proof,Zero-knowledge proofs on Midnight Preprod are surprisingly responsive compared to other privacy chains.,Yes
2026-09-27 15:28:31,Manish Sisodia,manish@sunpowersolutions.in,Solar Photovoltaic EPC Contractor,Midnight Preprod,mn_addr_preprod1w7vmk94y6yrrc7c4kxp87xgmptpluqzuzf4lpfar29972ekgcmuq8v7nvp,5,5,Smooth and intuitive after launching proof server,Dual-network switcher (Preview / Preprod),Great implementation of selective disclosure (`disclose(lastVerificationResult)`). Perfect for public tender boards.,Yes
2026-09-27 17:08:08,Hemant Kulkarni,hemant@kulkarnicargo.com,"Managing Director, Kulkarni Express Cargo",Midnight Preprod,mn_addr_preprod13jz4x9xjeasplgqqplnrsu94zdwd5r8fwp3wq3h7t8s4udptx7nq7llk4q,4,4,Blazing fast local witness generation,Comprehensive 3-Credential Multi-Gate Bundle,Compact smart contracts handle arithmetic thresholds elegantly without leaking private numbers.,Yes
2026-09-28 09:02:06,Sneha Kulkarni,sneha.k@zenithbiomed.in,Head of Regulatory & ISO Compliance,Midnight Preprod,mn_addr_preprod1qtpu0pws4zvg2gnqdrvurezatqry6l7gxlzwt7dajwklndv6rmrse292cn,5,4,Much faster and simpler than other ZK ecosystems,Substrate RPC independent contract verification,None,Yes
2026-09-28 11:42:32,Pooja Hegde,pooja.h@municipal-works.gov.in,"Chief Engineer (Tenders), Municipal Infrastructure",Midnight Preprod,mn_addr_preprod19hkdsquxth2tmp55qzwx7ess3npnwp599e0sm04hs0sy9k7gq4ws6m8ae3,4,4,Clear progress state transitions during proving,Substrate RPC independent contract verification,Good,Yes
2026-09-28 12:14:44,Saurabh Ganguly,saurabh@ganguly-greenenergy.in,"Chief EPC Project Manager, CleanPower",Midnight Preview,mn_addr_preview154hy4ceav3qcf76aaf7rpf9h6e62ncxpwe9tvupa35nye90hl3cs4mcaqh,4,4,Blazing fast local witness generation,Substrate RPC independent contract verification,Would be nice to save draft credentials locally in indexedDB so I don't have to re-enter them if tab closes.,Yes
2026-09-28 12:58:42,Rishi Agarwal,rishi.a@agarwalsolarpower.in,"EPC Projects Director, Agarwal Green Power",Midnight Preprod,mn_addr_preprod1jgw5hpzgplqav2z6qwgjcxly2cgg9gzna65t4k3ska92v0terjqs6870et,4,3,Blazing fast local witness generation,,,Yes
2026-09-28 15:44:09,Sunita Narain,sunita.narain@delhicivil-procure.org,Civil Contracts Scrutiny Director,Midnight Preprod,mn_addr_preprod1m88e28505zkhwdwv6f45x05m85hp293v7jl7d0rh4a5dnf640wks6cj2hz,5,4,Instant verification on Midnight ledger,Local Docker proof server execution,Transaction finalized on block within 6 seconds. Solid stability.,Yes
2026-09-28 16:22:16,Eshwar Prasad,eshwar@zenith-security.org,"Principal Security Consultant, Zenith",Midnight Preview,mn_addr_preview16san7u5rzy4e2gea89dvq93vwh7ejhjyemlnzkzh3rwvk92m6yjqvesh84,4,4,Executed proof in under 3.5 seconds,Substrate RPC independent contract verification,,Yes
2026-09-28 16:27:09,Anil Kumble,anil@kumble-fasteners.com,"Founder, Kumble Precision Fasteners",Midnight Preview,mn_addr_preview1md7n2sy7j0rzty4wm2gsuuff9r4qwraser9tp468z0ar07zqn5vqxt0wg3,5,4,Much faster and simpler than other ZK ecosystems,Local Docker proof server execution,Very smooth experience running the proof server locally via Docker Compose.,Yes
2026-09-28 17:21:09,Feroz Khan,feroz@khanaerospace.in,"Avionics Subcontractor, Khan Aerospace",Midnight Preview,mn_addr_preview1qtpu0pws4zvg2gnqdrvurezatqry6l7gxlzwt7dajwklndv6rmrsetm6tw,5,5,Blazing fast local witness generation,,Satisfying UX. Proving financial solvency in seconds.,Yes
